,date,open,high,low,Close,volume,support,cert,buy,sell
30,2021-05-20 20:00:00+00:00,40116.04,40635.0,39638.27,39992.87,4115.183527,39847.464,0,0,0
31,2021-05-20 21:00:00+00:00,39992.88,40829.61,39698.43,40688.48,2713.915902,39847.207,0,0,0
32,2021-05-20 22:00:00+00:00,40686.18,41900.0,39383.52,41451.73,6423.191365,39776.95,0,0,0
33,2021-05-20 23:00:00+00:00,41452.56,41727.27,40247.48,40526.64,4815.429281,39666.58500000001,0,0,0
34,2021-05-21 00:00:00+00:00,40525.39,42200.0,40470.23,41725.59,6509.397921,39591.265999999996,0,0,0
35,2021-05-21 01:00:00+00:00,41725.59,41821.63,41248.12,41429.68,3435.134195,39626.887,0,0,0
36,2021-05-21 02:00:00+00:00,41427.61,41623.86,41039.38,41248.33,3209.984459,39919.825,0,0,0
37,2021-05-21 03:00:00+00:00,41247.42,41266.07,40408.84,40666.91,3734.225381,40088.709,0,0,0
38,2021-05-21 04:00:00+00:00,40662.0,40715.11,39672.01,39943.65,5317.76468,40133.909999999996,0,0,0
39,2021-05-21 05:00:00+00:00,39943.66,40296.68,39587.06,39846.48,3714.020245,40139.333999999995,0,0,0
40,2021-05-21 06:00:00+00:00,39846.48,40800.0,39222.0,40564.85,5987.785551,40097.706999999995,0,0,0
41,2021-05-21 07:00:00+00:00,40566.03,40650.0,39482.5,39842.57,4149.502118,40076.114,0,0,0
42,2021-05-21 08:00:00+00:00,39842.58,40363.27,39277.0,40024.22,6230.216204,40065.462,0,0,0
43,2021-05-21 09:00:00+00:00,40021.32,41194.18,40019.76,40876.67,5865.003849,40042.689999999995,0,0,0
44,2021-05-21 10:00:00+00:00,40876.68,41199.99,40575.64,40738.21,4982.973,40053.231,0,0,0
45,2021-05-21 11:00:00+00:00,40738.21,41230.67,40237.42,41124.29,4499.837691,39952.161,0,0,0
46,2021-05-21 12:00:00+00:00,41124.3,41577.0,40470.07,40508.0,5801.891791,39895.229999999996,0,0,0
47,2021-05-21 13:00:00+00:00,40508.01,41299.86,40269.0,41112.03,3608.924532,39881.246,0,0,0
48,2021-05-21 14:00:00+00:00,41112.03,41789.4,36600.0,37837.27,32595.276331,39574.045,0,0,0
49,2021-05-21 15:00:00+00:00,37835.04,38300.0,36444.44,36794.57,18927.498405,39259.783,0,0,0
50,2021-05-21 16:00:00+00:00,36803.28,37825.75,36100.0,37033.57,14854.153551,38947.583,0,0,0
51,2021-05-21 17:00:00+00:00,37031.7,37384.49,36619.34,37341.74,8400.56227,38661.267,0,0,0
52,2021-05-21 18:00:00+00:00,37341.8,37391.15,36346.8,37159.65,6770.644808,38368.247,0,0,0
53,2021-05-21 19:00:00+00:00,37159.65,37169.87,35501.01,36062.12,11153.109966,37916.372,0,0,0
54,2021-05-21 20:00:00+00:00,36062.13,36332.82,35150.0,35195.24,9165.465787,37373.808000000005,0,0,0
55,2021-05-21 21:00:00+00:00,35212.52,36691.0,33488.0,36588.77,18870.033763,36698.866,0,0,0
56,2021-05-21 22:00:00+00:00,36592.48,37337.41,36000.0,36663.99,8385.285503,36251.859000000004,0,0,0
57,2021-05-21 23:00:00+00:00,36664.0,37447.0,36300.0,37252.01,5932.196257,35854.959,0,0,0
58,2021-05-22 00:00:00+00:00,37263.35,37741.92,36877.0,37654.31,5150.910109,35882.659,0,0,0
59,2021-05-22 01:00:00+00:00,37652.42,37987.63,37200.0,37620.76,4908.65525,35958.215000000004,0,0,0
60,2021-05-22 02:00:00+00:00,37620.75,38100.0,37139.91,37382.96,5044.531754,36062.206,0,0,0
61,2021-05-22 03:00:00+00:00,37382.97,37716.14,36517.03,36951.85,8142.79395,36051.975,0,0,0
62,2021-05-22 04:00:00+00:00,36947.31,37219.45,35875.11,36304.18,7326.519005,36004.806,0,0,0
63,2021-05-22 05:00:00+00:00,36304.19,36713.09,35200.62,36376.25,7511.587748,35974.767,0,0,0
64,2021-05-22 06:00:00+00:00,36376.26,36510.23,35500.0,36412.47,5196.141282,36009.767,0,0,0
65,2021-05-22 07:00:00+00:00,36412.47,36496.13,35596.1,36269.28,5621.43452,36220.577000000005,0,0,0
66,2021-05-22 08:00:00+00:00,36266.36,37120.19,36258.96,36805.61,5836.598437,36246.473,0,0,0
67,2021-05-22 09:00:00+00:00,36805.61,37452.61,36490.97,37173.8,4695.674568,36265.57,0,0,0
68,2021-05-22 10:00:00+00:00,37174.99,38827.52,36835.0,38337.98,9274.763667,36261.37,0,0,0
69,2021-05-22 11:00:00+00:00,38337.98,38500.0,37555.0,38157.76,4802.465858,36296.87,0,0,0
70,2021-05-22 12:00:00+00:00,38157.75,38729.19,37725.74,38151.81,5202.741208,36355.453,0,0,0
71,2021-05-22 13:00:00+00:00,38151.8,38829.0,37965.36,38310.57,5022.742016,36500.286,0,0,0
72,2021-05-22 14:00:00+00:00,38310.57,38538.18,37383.59,37808.48,6099.168286,36651.134000000005,0,0,0
73,2021-05-22 15:00:00+00:00,37808.49,38721.75,37000.0,38162.4,6724.446517,36831.072,0,0,0
74,2021-05-22 16:00:00+00:00,38161.92,38491.52,37563.49,38147.74,5000.276738,37037.421,0,0,0
75,2021-05-22 17:00:00+00:00,38154.08,38600.0,37788.88,37968.1,4104.216574,37256.699,0,0,0
76,2021-05-22 18:00:00+00:00,37972.55,38121.04,37300.0,37646.26,4313.064888,37360.803,0,0,0
77,2021-05-22 19:00:00+00:00,37647.3,37988.0,37158.14,37286.65,3492.457171,37427.52,0,0,0
78,2021-05-22 20:00:00+00:00,37286.65,38196.54,37268.76,38022.81,3080.640915,37470.89599999999,0,0,0
79,2021-05-22 21:00:00+00:00,38022.81,38362.33,37826.07,38153.77,3136.553646,37498.003,0,0,0
80,2021-05-22 22:00:00+00:00,38153.91,38400.0,37338.18,37622.38,4123.746503,37459.246999999996,0,0,0
81,2021-05-22 23:00:00+00:00,37621.62,37850.0,37377.5,37449.73,2730.113079,37400.460999999996,0,0,0
82,2021-05-23 00:00:00+00:00,37458.51,38270.64,36668.99,38191.0,6779.163363,37329.001,0,0,0
83,2021-05-23 01:00:00+00:00,38191.34,38222.96,37871.84,37907.92,2539.143696,37416.185,0,0,0
84,2021-05-23 02:00:00+00:00,37907.91,38018.93,37370.01,37470.16,2901.293075,37396.837,0,0,0
85,2021-05-23 03:00:00+00:00,37470.54,37663.64,37234.4,37421.59,2634.762619,37341.388999999996,0,0,0
86,2021-05-23 04:00:00+00:00,37421.59,37421.59,37050.66,37198.73,2786.744936,37316.455,0,0,0
87,2021-05-23 05:00:00+00:00,37198.73,37198.73,36572.41,36883.04,4425.936947,37257.882,0,0,0
88,2021-05-23 06:00:00+00:00,36879.99,37323.23,36318.0,36650.38,5365.172619,37162.806,0,0,0
89,2021-05-23 07:00:00+00:00,36650.37,36860.74,35530.0,35927.69,7315.492727,36933.199,0,0,0
90,2021-05-23 08:00:00+00:00,35927.7,35930.89,33800.59,34376.0,18304.80377,36579.44,0,0,0
91,2021-05-23 09:00:00+00:00,34376.0,35300.0,33925.18,34202.58,13905.215271,36234.208,0,0,0
92,2021-05-23 10:00:00+00:00,34207.02,35822.21,34118.72,35004.81,9389.783513,35979.181000000004,0,0,0
93,2021-05-23 11:00:00+00:00,35004.82,35800.0,34600.0,35389.1,6744.387033,35651.996999999996,0,0,0
94,2021-05-23 12:00:00+00:00,35386.8,35800.0,33118.93,33944.77,17222.705813,35226.889,0,0,0
95,2021-05-23 13:00:00+00:00,33944.76,34169.76,32600.0,33642.07,17683.020616,34763.44900000001,0,0,0
96,2021-05-23 14:00:00+00:00,33647.25,34583.39,33000.0,33891.91,11148.123724,34358.383,0,0,0
97,2021-05-23 15:00:00+00:00,33891.91,34015.9,33000.0,33318.09,7766.488666,34001.14200000001,0,0,0
98,2021-05-23 16:00:00+00:00,33316.42,33700.0,31111.01,32237.0,27065.214835,33480.443,0,0,0
99,2021-05-23 17:00:00+00:00,32237.0,33900.0,32110.39,32715.82,14018.137428,33138.482,0,0,0
100,2021-05-23 18:00:00+00:00,32716.0,33469.14,31777.89,32529.81,10787.142597,32936.212,0,0,0
101,2021-05-23 19:00:00+00:00,32539.08,33449.0,32203.87,33051.73,7063.170002,32764.081,0,0,0
102,2021-05-23 20:00:00+00:00,33047.33,33973.98,33045.31,33630.03,6601.071702,32656.739999999998,0,0,0
103,2021-05-23 21:00:00+00:00,33627.39,34480.0,33591.8,34007.56,5442.833543,32555.920000000002,0,0,0
104,2021-05-23 22:00:00+00:00,34007.57,34888.0,33555.0,33832.77,4830.916672,32599.526999999995,0,0,0
105,2021-05-23 23:00:00+00:00,33825.84,35000.0,33823.23,34655.25,4415.321426,32721.85,0,0,0
106,2021-05-24 00:00:00+00:00,34681.44,35726.34,34664.77,35191.4,7270.153693,32888.327,0,0,0
107,2021-05-24 01:00:00+00:00,35191.39,35554.0,34675.01,35089.33,5123.562399,33055.827999999994,0,0,0
108,2021-05-24 02:00:00+00:00,35089.33,35456.61,34800.0,35267.68,5121.827207,33424.727,0,0,0
109,2021-05-24 03:00:00+00:00,35271.21,35889.0,35114.01,35251.37,4913.189924,33725.089,0,0,0
110,2021-05-24 04:00:00+00:00,35250.56,35423.36,34031.0,34881.09,5630.17807,33950.4,0,0,0
111,2021-05-24 05:00:00+00:00,34886.16,35489.88,34687.99,35292.6,3905.438519,34198.812,0,0,0
112,2021-05-24 06:00:00+00:00,35292.59,36222.0,35010.7,36089.71,5731.491273,34395.351,0,0,0
113,2021-05-24 07:00:00+00:00,36089.7,36887.0,35908.02,36645.79,10323.254135,34626.973,0,0,0
114,2021-05-24 08:00:00+00:00,36645.79,36850.0,36100.0,36619.99,7658.403479,34881.473,0,0,0
115,2021-05-24 09:00:00+00:00,36620.0,36620.0,36175.84,36202.0,5093.152736,35116.734,0,0,0
116,2021-05-24 10:00:00+00:00,36204.12,36684.99,35877.52,36399.18,7734.469164,35238.009000000005,0,0,0
117,2021-05-24 11:00:00+00:00,36399.18,37922.18,36387.92,37600.01,11649.09829,35409.3,0,0,0
118,2021-05-24 12:00:00+00:00,37600.01,38637.7,37371.03,38211.21,10478.877027,35666.403,0,0,0
119,2021-05-24 13:00:00+00:00,38211.21,38413.0,37377.0,37571.6,9474.330251,35892.702,0,0,0
120,2021-05-24 14:00:00+00:00,37578.59,38069.01,37320.39,37680.98,6360.547637,36221.640999999996,0,0,0
121,2021-05-24 15:00:00+00:00,37672.27,38200.0,37266.58,37539.63,6329.908299,36479.5,0,0,0
122,2021-05-24 16:00:00+00:00,37539.64,37975.0,36818.55,37357.22,8111.457178,36660.284999999996,0,0,0
123,2021-05-24 17:00:00+00:00,37357.22,37879.0,37186.5,37669.77,4572.75249,36788.132999999994,0,0,0
124,2021-05-24 18:00:00+00:00,37667.88,38350.0,37397.56,37911.79,5257.493025,36917.888999999996,0,0,0
125,2021-05-24 19:00:00+00:00,37911.73,39787.96,37729.7,39606.1,10517.792354,37073.275,0,0,0
126,2021-05-24 20:00:00+00:00,39606.11,39920.0,38717.0,38951.0,9066.996133,37357.223,0,0,0
127,2021-05-24 21:00:00+00:00,38951.0,39300.31,38308.52,38449.79,4563.536167,37549.282999999996,0,0,0
128,2021-05-24 22:00:00+00:00,38467.42,38870.0,37955.42,38429.4,3758.641858,37607.722,0,0,0
129,2021-05-24 23:00:00+00:00,38433.06,38984.15,38218.39,38796.29,2984.342663,37691.861,0,0,0
130,2021-05-25 00:00:00+00:00,38810.99,39791.77,38502.73,39387.52,7313.987303,37810.095,0,0,0
131,2021-05-25 01:00:00+00:00,39387.51,39550.0,38650.0,38808.3,5031.44182,37948.437,0,0,0
132,2021-05-25 02:00:00+00:00,38806.36,38925.32,38018.0,38083.69,4217.743251,38068.382,0,0,0
133,2021-05-25 03:00:00+00:00,38083.69,38415.0,37800.5,38304.51,5131.630501,38129.782,0,0,0
134,2021-05-25 04:00:00+00:00,38306.43,38718.0,37608.0,38368.11,4954.604433,38150.826,0,0,0
135,2021-05-25 05:00:00+00:00,38366.1,38444.05,37863.63,38356.5,3459.892233,38164.219,0,0,0
136,2021-05-25 06:00:00+00:00,38354.92,39200.0,38113.97,38874.3,4412.334474,38103.916,0,0,0
137,2021-05-25 07:00:00+00:00,38878.04,39181.07,38568.87,38985.06,3504.768936,38129.951,0,0,0
138,2021-05-25 08:00:00+00:00,38993.91,39110.0,38026.54,38138.06,4463.414439,38137.063,0,0,0
139,2021-05-25 09:00:00+00:00,38138.07,38259.91,37751.15,37932.87,4202.63086,38090.33899999999,0,0,0
140,2021-05-25 10:00:00+00:00,37932.86,37937.15,36660.0,37103.24,8823.054266,37906.066,0,0,0
141,2021-05-25 11:00:00+00:00,37103.25,37461.49,36486.0,36537.16,5917.202216,37689.666,0,0,0
142,2021-05-25 12:00:00+00:00,36537.17,37220.0,36419.62,37119.86,5401.605163,37529.828,0,0,0
143,2021-05-25 13:00:00+00:00,37119.86,37978.23,36915.0,37462.33,7069.263119,37441.278000000006,0,0,0
144,2021-05-25 14:00:00+00:00,37462.33,38141.62,37349.99,37634.62,5998.308158,37415.477,0,0,0
145,2021-05-25 15:00:00+00:00,37634.62,38481.18,37000.0,38277.57,8671.076134,37329.114,0,0,0
146,2021-05-25 16:00:00+00:00,38277.55,38299.88,37651.51,37796.69,3780.782607,37282.868,0,0,0
147,2021-05-25 17:00:00+00:00,37798.56,38055.0,37500.0,37951.98,2689.649061,37175.98100000001,0,0,0
148,2021-05-25 18:00:00+00:00,37951.99,38288.0,37756.26,37884.91,2717.459642,37148.952999999994,0,0,0
149,2021-05-25 19:00:00+00:00,37884.9,37984.64,37011.0,37292.69,3464.765379,37074.938,0,0,0
150,2021-05-25 20:00:00+00:00,37292.69,37794.72,37250.01,37598.77,2513.621469,37133.939,0,0,0
151,2021-05-25 21:00:00+00:00,37603.8,38110.0,37420.4,37937.79,2369.798232,37227.379,0,0,0
152,2021-05-25 22:00:00+00:00,37937.81,38753.98,37906.77,38405.0,3692.719609,37376.094000000005,0,0,0
153,2021-05-25 23:00:00+00:00,38402.99,38467.22,37946.55,38324.72,2194.475099,37479.249,0,0,0
154,2021-05-26 00:00:00+00:00,38324.72,38600.0,37800.44,38099.53,3715.166099,37524.294,0,0,0
155,2021-05-26 01:00:00+00:00,38099.52,38888.0,38074.72,38658.22,3359.477087,37631.765999999996,0,0,0
156,2021-05-26 02:00:00+00:00,38660.17,39573.25,38641.54,39212.14,6381.349602,37730.76900000001,0,0,0
157,2021-05-26 03:00:00+00:00,39212.14,39693.66,39094.11,39503.98,3425.442502,37890.18000000001,0,0,0
158,2021-05-26 04:00:00+00:00,39503.98,39606.67,39000.0,39387.86,3107.351158,38014.554000000004,0,0,0
159,2021-05-26 05:00:00+00:00,39387.86,39524.75,39152.0,39229.28,3115.325611,38228.654,0,0,0
160,2021-05-26 06:00:00+00:00,39229.28,40755.0,39157.48,40549.99,8224.625409,38419.401,0,0,0
161,2021-05-26 07:00:00+00:00,40549.99,40604.49,40261.07,40445.79,3829.989932,38703.468,0,0,0
162,2021-05-26 08:00:00+00:00,40445.79,40841.0,39737.75,40148.49,6455.834267,38886.566000000006,0,0,0
163,2021-05-26 09:00:00+00:00,40152.12,40428.9,40066.0,40150.0,2700.857814,39098.511,0,0,0
164,2021-05-26 10:00:00+00:00,40150.0,40330.0,39526.0,39681.38,5136.733159,39271.066999999995,0,0,0
165,2021-05-26 11:00:00+00:00,39681.38,39899.48,39379.79,39850.65,3143.223425,39401.574,0,0,0
166,2021-05-26 12:00:00+00:00,39850.66,40289.75,39750.01,40119.99,4310.665267,39512.420999999995,0,0,0
167,2021-05-26 13:00:00+00:00,40120.0,40123.31,38790.23,38831.98,7319.982727,39482.033,0,0,0
168,2021-05-26 14:00:00+00:00,38831.98,39339.52,38777.77,39129.22,5318.546814,39459.81,0,0,0
169,2021-05-26 15:00:00+00:00,39128.16,39227.42,38440.0,38758.61,6130.04002,39388.61,0,0,0
170,2021-05-26 16:00:00+00:00,38758.62,39350.0,38505.0,38552.43,4632.32452,39323.362,0,0,0
171,2021-05-26 17:00:00+00:00,38552.42,39122.3,38008.0,38965.66,5044.160871,39098.055,0,0,0
172,2021-05-26 18:00:00+00:00,38975.74,38975.74,38335.0,38626.63,3373.527321,38957.78,0,0,0
173,2021-05-26 19:00:00+00:00,38626.64,38628.19,37900.03,38485.1,4778.257062,38741.183000000005,0,0,0
174,2021-05-26 20:00:00+00:00,38476.74,38823.27,38280.19,38719.48,3025.501809,38616.602,0,0,0
175,2021-05-26 21:00:00+00:00,38720.54,39231.9,38518.09,39030.74,3021.814646,38530.43199999999,0,0,0
176,2021-05-26 22:00:00+00:00,39030.74,39128.18,38742.5,38957.84,2467.278452,38429.681,0,0,0
177,2021-05-26 23:00:00+00:00,38957.83,39450.69,38639.74,39241.91,2763.297822,38414.632,0,0,0
178,2021-05-27 00:00:00+00:00,39241.92,39243.1,38356.09,38615.78,3410.586002,38372.464,0,0,0
179,2021-05-27 01:00:00+00:00,38613.36,38714.27,37502.0,37625.31,4904.25457,38278.664000000004,0,0,0
180,2021-05-27 02:00:00+00:00,37624.6,37995.19,37500.0,37814.93,3627.115021,38178.164000000004,0,0,0
181,2021-05-27 03:00:00+00:00,37813.77,37814.94,37134.27,37621.56,4041.338199,38090.791000000005,0,0,0
182,2021-05-27 04:00:00+00:00,37623.64,37789.85,37204.76,37733.34,2667.827494,37977.76700000001,0,0,0
183,2021-05-27 05:00:00+00:00,37733.34,38177.12,37452.31,38136.54,3428.818387,37932.994999999995,0,0,0
184,2021-05-27 06:00:00+00:00,38138.75,38300.0,37881.08,38246.67,2863.747324,37893.083999999995,0,0,0
185,2021-05-27 07:00:00+00:00,38246.67,38407.42,38033.7,38275.47,2357.767813,37844.645000000004,0,0,0
186,2021-05-27 08:00:00+00:00,38275.47,39173.62,37826.08,38824.34,4419.798594,37753.003000000004,0,0,0
187,2021-05-27 09:00:00+00:00,38821.08,39495.69,38800.0,39277.44,3658.812289,37769.029,0,0,0
188,2021-05-27 10:00:00+00:00,39277.44,39608.72,39065.19,39212.5,3963.522527,37839.939,0,0,0
189,2021-05-27 11:00:00+00:00,39210.48,39888.02,39203.49,39690.01,4170.246366,38010.088,0,0,0
190,2021-05-27 12:00:00+00:00,39690.0,39945.0,39256.59,39316.81,4420.560001,38185.746999999996,0,0,0
191,2021-05-27 13:00:00+00:00,39316.81,40411.14,39310.02,39864.02,6214.326668,38403.322,0,0,0
192,2021-05-27 14:00:00+00:00,39864.01,40355.57,39800.0,40024.8,3380.56096,38662.846,0,0,0
193,2021-05-27 15:00:00+00:00,40024.8,40100.0,39461.85,39667.0,4385.197322,38863.8,0,0,0
194,2021-05-27 16:00:00+00:00,39666.99,39721.28,38720.0,38825.44,6400.573744,38947.691999999995,0,0,0
195,2021-05-27 17:00:00+00:00,38822.28,39250.0,38691.0,39028.99,3226.776011,39013.422,0,0,0
196,2021-05-27 18:00:00+00:00,39029.0,39222.13,38790.65,39089.57,1872.890459,39109.879,0,0,0
197,2021-05-27 19:00:00+00:00,39094.18,39117.91,38500.0,38768.35,2602.29963,39079.879,0,0,0
198,2021-05-27 20:00:00+00:00,38768.36,38831.76,38400.15,38445.05,2328.230093,39013.375,0,0,0
199,2021-05-27 21:00:00+00:00,38444.07,39187.35,38195.19,38978.69,3416.064737,38912.545,0,0,0
200,2021-05-27 22:00:00+00:00,38978.69,39146.39,38382.11,38503.15,2599.01282,38825.097,0,0,0
201,2021-05-27 23:00:00+00:00,38503.16,38755.51,38279.1,38529.98,2186.831763,38722.005,0,0,0
202,2021-05-28 00:00:00+00:00,38529.99,38877.83,37900.0,37998.94,4191.985106,38532.005,0,0,0
203,2021-05-28 01:00:00+00:00,37998.94,38237.64,37687.77,38155.11,3182.878178,38354.597,0,0,0
204,2021-05-28 02:00:00+00:00,38150.57,38416.74,38000.0,38283.4,2115.123722,38282.597,0,0,0
205,2021-05-28 03:00:00+00:00,38283.06,38284.79,37813.38,38237.18,2497.471891,38194.83500000001,0,0,0
206,2021-05-28 04:00:00+00:00,38237.1,38237.1,37219.19,37324.65,6011.403704,38037.689,0,0,0
207,2021-05-28 05:00:00+00:00,37324.65,37565.17,36686.0,36996.45,6195.394638,37856.289000000004,0,0,0
208,2021-05-28 06:00:00+00:00,36996.45,37193.71,36442.0,36933.03,6598.333998,37660.474,0,0,0
209,2021-05-28 07:00:00+00:00,36933.02,37382.68,36474.57,36975.93,6688.452564,37488.412,0,0,0
210,2021-05-28 08:00:00+00:00,36975.65,37250.0,35600.0,35968.03,7894.465812,37210.201,0,0,0
211,2021-05-28 09:00:00+00:00,35968.04,36241.61,35360.0,35994.67,9905.946786,36918.291000000005,0,0,0
212,2021-05-28 10:00:00+00:00,35995.19,36512.37,35742.01,35925.85,6335.696351,36702.492000000006,0,0,0
213,2021-05-28 11:00:00+00:00,35925.85,36179.3,35100.0,35351.65,6311.286158,36443.715000000004,0,0,0
214,2021-05-28 12:00:00+00:00,35351.65,36853.74,35168.24,36589.74,9152.177556,36160.539000000004,0,0,0
215,2021-05-28 13:00:00+00:00,36590.24,37279.98,36588.41,36923.61,6338.890859,36038.042,0,0,0
216,2021-05-28 14:00:00+00:00,36923.6,37103.37,36500.0,36588.51,3636.55789,35966.123,0,0,0
217,2021-05-28 15:00:00+00:00,36588.51,37067.77,36395.87,36749.31,3552.884033,35937.11,0,0,0
218,2021-05-28 16:00:00+00:00,36751.59,36845.93,35812.01,35815.56,7919.196589,35874.111,0,0,0
219,2021-05-28 17:00:00+00:00,35813.92,36284.0,35650.22,35976.17,5362.546405,35791.676,0,0,0
220,2021-05-28 18:00:00+00:00,35976.17,36369.82,35551.06,36190.92,4369.769969,35786.782,0,0,0
221,2021-05-28 19:00:00+00:00,36190.91,36570.0,35555.52,35789.3,5259.875784,35806.333999999995,0,0,0
222,2021-05-28 20:00:00+00:00,35789.31,36240.0,35181.73,35209.89,5872.517994,35750.306,0,0,0
223,2021-05-28 21:00:00+00:00,35209.86,35419.38,34684.0,35031.79,7091.819237,35708.706000000006,0,0,0
224,2021-05-28 22:00:00+00:00,35031.79,35600.0,34750.56,35061.65,5236.053523,35666.938,0,0,0
225,2021-05-28 23:00:00+00:00,35061.92,35893.55,34950.01,35663.49,3656.900973,35503.098,0,0,0
226,2021-05-29 00:00:00+00:00,35661.79,36437.5,35617.87,36214.77,3989.262001,35414.885,0,0,0
227,2021-05-29 01:00:00+00:00,36217.97,36500.0,36091.71,36374.11,3064.396941,35384.469,0,0,0
228,2021-05-29 02:00:00+00:00,36374.11,36585.36,36100.0,36338.56,3698.049213,35413.268,0,0,0
229,2021-05-29 03:00:00+00:00,36338.56,36774.44,36165.05,36458.77,2751.863539,35464.751000000004,0,0,0
230,2021-05-29 04:00:00+00:00,36458.77,36631.82,35604.3,35702.64,3480.197649,35470.075,0,0,0
231,2021-05-29 05:00:00+00:00,35702.64,37338.58,35702.63,36862.3,5064.550741,35484.78600000001,0,0,0
232,2021-05-29 06:00:00+00:00,36862.31,37086.1,36451.65,36522.92,2913.838284,35611.778,0,0,0
233,2021-05-29 07:00:00+00:00,36522.92,36720.0,36001.0,36145.02,3478.041007,35743.477999999996,0,0,0
234,2021-05-29 08:00:00+00:00,36145.0,36350.0,35516.6,35776.76,3501.094883,35820.082,0,0,0
235,2021-05-29 09:00:00+00:00,35776.76,35909.09,34854.79,35378.95,6457.259929,35810.560000000005,0,0,0
236,2021-05-29 10:00:00+00:00,35378.67,35469.36,34981.22,35230.64,3326.058934,35746.895,0,0,0
237,2021-05-29 11:00:00+00:00,35230.64,35850.0,34567.89,35375.0,6135.233558,35594.513,0,0,0
238,2021-05-29 12:00:00+00:00,35375.0,35402.34,34590.0,34778.18,4978.203787,35443.513,0,0,0
239,2021-05-29 13:00:00+00:00,34779.65,34990.0,34125.68,34891.89,7954.557123,35239.575999999994,0,0,0
240,2021-05-29 14:00:00+00:00,34888.66,35300.0,34200.0,34618.56,6193.053689,35099.14599999999,0,0,0
241,2021-05-29 15:00:00+00:00,34620.3,34622.98,33800.0,34416.27,9643.083474,34908.882999999994,0,0,0
242,2021-05-29 16:00:00+00:00,34416.26,35049.0,34004.69,34828.86,6211.307749,34664.187,0,0,0
243,2021-05-29 17:00:00+00:00,34835.4,34856.96,33650.0,33891.84,6021.105841,34429.087,0,0,0
244,2021-05-29 18:00:00+00:00,33893.55,34179.96,33632.76,34070.98,5465.342194,34240.702999999994,0,0,0
245,2021-05-29 19:00:00+00:00,34069.35,34329.59,33674.91,34025.43,4135.986849,34122.715000000004,0,0,0
246,2021-05-29 20:00:00+00:00,34025.44,34494.93,33752.3,34234.18,4658.099088,33999.823000000004,0,0,0
247,2021-05-29 21:00:00+00:00,34235.14,34742.93,34063.98,34650.08,3326.550872,33949.432,0,0,0
248,2021-05-29 22:00:00+00:00,34650.08,34651.73,34235.93,34467.84,2435.36036,33914.025,0,0,0
249,2021-05-29 23:00:00+00:00,34468.95,35100.0,34137.09,34605.15,3780.594984,33915.166000000005,0,0,0
250,2021-05-30 00:00:00+00:00,34605.15,34616.26,33379.0,33855.95,6060.999971,33833.066000000006,0,0,0
251,2021-05-30 01:00:00+00:00,33849.25,34071.41,33500.0,33897.89,2693.575635,33803.066000000006,0,0,0
252,2021-05-30 02:00:00+00:00,33896.76,34659.1,33785.21,34531.04,2598.610171,33781.118,0,0,0
253,2021-05-30 03:00:00+00:00,34531.05,34974.99,34360.48,34770.12,2919.087099,33852.166000000005,0,0,0
254,2021-05-30 04:00:00+00:00,34770.13,35258.28,34631.73,34751.74,3589.161222,33952.063,0,0,0
255,2021-05-30 05:00:00+00:00,34750.71,35492.89,34750.7,35325.61,4145.05298,34059.642,0,0,0
256,2021-05-30 06:00:00+00:00,35327.19,35881.54,35251.98,35775.9,4683.259174,34209.61,0,0,0
257,2021-05-30 07:00:00+00:00,35775.9,36232.09,35583.51,35998.33,4081.661986,34361.563,0,0,0
258,2021-05-30 08:00:00+00:00,35996.12,36211.25,35546.42,35668.64,3320.046135,34492.612,0,0,0
259,2021-05-30 09:00:00+00:00,35671.62,36021.56,35671.62,35840.73,2123.159529,34646.065,0,0,0
260,2021-05-30 10:00:00+00:00,35840.02,35999.0,35653.45,35702.99,2756.621243,34873.509999999995,0,0,0
261,2021-05-30 11:00:00+00:00,35703.0,36420.0,35700.0,36359.44,4034.044644,35093.509999999995,0,0,0
262,2021-05-30 12:00:00+00:00,36359.44,36488.0,35280.0,35524.92,4859.677007,35242.989,0,0,0
263,2021-05-30 13:00:00+00:00,35524.94,35806.96,35401.0,35676.86,2833.671972,35347.041000000005,0,0,0
264,2021-05-30 14:00:00+00:00,35676.86,35732.08,35100.0,35347.95,3148.13191,35393.868,0,0,0
265,2021-05-30 15:00:00+00:00,35347.1,35646.45,35209.03,35477.0,2213.669268,35439.701,0,0,0
266,2021-05-30 16:00:00+00:00,35477.0,35999.98,35300.0,35735.97,2966.743676,35444.503000000004,0,0,0
267,2021-05-30 17:00:00+00:00,35734.95,36000.0,35707.64,35819.67,2188.193049,35456.916000000005,0,0,0
268,2021-05-30 18:00:00+00:00,35817.23,36264.77,35814.71,36125.54,2967.689472,35483.744999999995,0,0,0
269,2021-05-30 19:00:00+00:00,36125.54,36284.44,36021.64,36077.59,1608.40812,35518.746999999996,0,0,0
270,2021-05-30 20:00:00+00:00,36077.59,36350.0,35900.0,36050.0,2867.697945,35543.402,0,0,0
271,2021-05-30 21:00:00+00:00,36050.0,36205.0,35839.95,35940.45,1546.574089,35557.397000000004,0,0,0
272,2021-05-30 22:00:00+00:00,35939.61,36048.3,35667.0,35741.03,1725.646246,35596.096999999994,0,0,0
273,2021-05-30 23:00:00+00:00,35741.03,35820.0,35500.0,35641.27,1604.004424,35605.996999999996,0,0,0
274,2021-05-31 00:00:00+00:00,35641.26,36000.0,35200.0,35312.83,3371.935334,35615.996999999996,0,0,0
275,2021-05-31 01:00:00+00:00,35312.82,35434.42,34727.91,34804.39,3468.140112,35567.884999999995,0,0,0
276,2021-05-31 02:00:00+00:00,34806.75,34975.0,34440.8,34720.0,3853.411187,35481.965000000004,0,0,0
277,2021-05-31 03:00:00+00:00,34727.52,34747.21,34250.55,34489.57,3437.378712,35336.256,0,0,0
278,2021-05-31 04:00:00+00:00,34489.58,34664.37,34153.84,34466.38,2677.09563,35170.169,0,0,0
279,2021-05-31 05:00:00+00:00,34466.37,34688.74,34185.35,34447.34,3519.449009,34986.54,0,0,0
280,2021-05-31 06:00:00+00:00,34447.35,35115.27,34434.29,35040.94,3946.599314,34839.969,0,0,0
281,2021-05-31 07:00:00+00:00,35045.92,35975.0,34981.11,35850.17,6010.324686,34754.085,0,0,0
282,2021-05-31 08:00:00+00:00,35850.17,36240.09,35588.08,36120.49,4694.039654,34746.193,0,0,0
283,2021-05-31 09:00:00+00:00,36120.49,36384.99,35876.0,35929.8,4351.975493,34783.793,0,0,0
284,2021-05-31 10:00:00+00:00,35931.48,37030.0,35926.81,36882.95,8736.334823,34856.474,0,0,0
285,2021-05-31 11:00:00+00:00,36883.75,37195.0,36750.0,36836.46,5165.136262,35058.683000000005,0,0,0
286,2021-05-31 12:00:00+00:00,36836.46,37278.03,36605.0,36777.0,5044.905836,35275.102999999996,0,0,0
287,2021-05-31 13:00:00+00:00,36777.01,37062.57,36510.66,36721.28,5030.723894,35501.114,0,0,0
288,2021-05-31 14:00:00+00:00,36721.29,36853.94,36333.44,36620.39,4333.305783,35719.07400000001,0,0,0
289,2021-05-31 15:00:00+00:00,36620.39,37149.99,36580.01,36961.16,4167.824255,35958.54,0,0,0
290,2021-05-31 16:00:00+00:00,36961.16,37457.07,36843.24,37117.24,6313.228329,36199.435000000005,0,0,0
291,2021-05-31 17:00:00+00:00,37117.21,37178.16,36673.41,36934.73,4003.907256,36368.665,0,0,0
292,2021-05-31 18:00:00+00:00,36935.81,36955.02,36600.2,36694.27,1919.115189,36469.877,0,0,0
293,2021-05-31 19:00:00+00:00,36694.27,36871.38,36510.01,36863.67,1963.402273,36533.278000000006,0,0,0
294,2021-05-31 20:00:00+00:00,36865.75,36980.76,36557.3,36675.06,1697.834605,36596.327000000005,0,0,0
295,2021-05-31 21:00:00+00:00,36677.85,37087.3,36623.01,36932.55,1483.171068,36583.628000000004,0,0,0
296,2021-05-31 22:00:00+00:00,36932.55,37250.0,36835.85,36879.23,2322.342402,36606.713,0,0,0
297,2021-05-31 23:00:00+00:00,36879.23,37499.0,36800.93,37253.81,2649.154183,36635.74,0,0,0
298,2021-06-01 00:00:00+00:00,37253.82,37894.81,37100.0,37798.31,5234.072735,36712.39599999999,0,0,0
299,2021-06-01 01:00:00+00:00,37798.32,37803.49,37160.0,37196.64,3154.434156,36770.395,0,0,0
300,2021-06-01 02:00:00+00:00,37196.64,37296.08,36620.0,36850.0,3078.850158,36748.070999999996,0,0,0
301,2021-06-01 03:00:00+00:00,36850.0,37124.09,36478.0,36704.99,3179.701359,36728.53,0,0,0
302,2021-06-01 04:00:00+00:00,36706.8,36957.69,36561.89,36748.01,1767.107527,36724.699,0,0,0
303,2021-06-01 05:00:00+00:00,36748.02,37350.0,36710.4,37266.55,2603.445266,36744.738,0,0,0
304,2021-06-01 06:00:00+00:00,37264.66,37443.72,36710.19,36915.32,3002.411865,36760.027,0,0,0
305,2021-06-01 07:00:00+00:00,36917.6,37171.09,36638.71,36831.58,2722.383175,36761.596999999994,0,0,0
306,2021-06-01 08:00:00+00:00,36831.58,36939.81,35902.43,36197.77,5806.787389,36668.255000000005,0,0,0
307,2021-06-01 09:00:00+00:00,36197.75,36362.98,35965.72,36231.51,2723.889997,36584.734000000004,0,0,0
308,2021-06-01 10:00:00+00:00,36234.1,36593.41,36095.15,36439.6,2804.839551,36484.249,0,0,0
309,2021-06-01 11:00:00+00:00,36439.59,36761.96,36282.01,36596.62,2484.370825,36396.45,0,0,0
310,2021-06-01 12:00:00+00:00,36596.63,36597.26,36112.01,36164.95,3365.376983,36345.651,0,0,0
311,2021-06-01 13:00:00+00:00,36163.51,37440.0,35666.0,37039.69,10250.555776,36264.451,0,0,0
312,2021-06-01 14:00:00+00:00,37036.57,37289.86,36478.36,36636.71,4510.797149,36256.098000000005,0,0,0
313,2021-06-01 15:00:00+00:00,36634.42,36644.7,36025.46,36235.29,3903.095706,36187.604,0,0,0
314,2021-06-01 16:00:00+00:00,36235.28,36479.99,35760.0,35875.57,4317.774876,36092.585,0,0,0
315,2021-06-01 17:00:00+00:00,35871.69,36300.0,35716.66,36154.77,2880.592451,36000.380000000005,0,0,0
316,2021-06-01 18:00:00+00:00,36154.64,36492.89,36087.95,36240.69,2494.576699,36018.93199999999,0,0,0
317,2021-06-01 19:00:00+00:00,36240.46,36240.49,35726.36,35973.87,3225.508932,35994.996,0,0,0
318,2021-06-01 20:00:00+00:00,35973.86,36339.6,35873.08,36327.05,1999.820832,35972.789000000004,0,0,0
319,2021-06-01 21:00:00+00:00,36327.05,36474.55,36040.11,36418.77,1772.288919,35948.599,0,0,0
320,2021-06-01 22:00:00+00:00,36418.77,36590.53,36213.8,36433.69,1811.947807,35958.778000000006,0,0,0
321,2021-06-01 23:00:00+00:00,36433.69,36800.0,36428.42,36693.09,2140.033637,36035.020000000004,0,0,0
322,2021-06-02 00:00:00+00:00,36694.85,36900.0,36059.12,36179.39,2792.547517,35993.096,0,0,0
323,2021-06-02 01:00:00+00:00,36179.38,36299.47,35920.0,36292.17,1757.999958,35982.55,0,0,0
324,2021-06-02 02:00:00+00:00,36292.17,36550.0,36230.0,36268.41,1463.206921,36029.55,0,0,0
325,2021-06-02 03:00:00+00:00,36267.67,36685.0,36267.08,36472.39,1989.76496,36084.592,0,0,0
326,2021-06-02 04:00:00+00:00,36472.38,36767.44,36472.38,36665.05,1930.591246,36123.034999999996,0,0,0
327,2021-06-02 05:00:00+00:00,36662.22,36921.0,36487.66,36808.49,2488.19277,36199.165,0,0,0
328,2021-06-02 06:00:00+00:00,36808.49,36989.0,36661.53,36734.54,2448.940769,36278.01,0,0,0
329,2021-06-02 07:00:00+00:00,36734.54,37400.0,36731.03,37220.0,5591.509934,36347.102,0,0,0
330,2021-06-02 08:00:00+00:00,37219.99,37473.29,37065.0,37371.01,3634.601704,36432.221999999994,0,0,0
331,2021-06-02 09:00:00+00:00,37371.64,37538.07,37169.26,37270.26,3172.904914,36506.306,0,0,0
332,2021-06-02 10:00:00+00:00,37270.26,37294.54,37042.7,37151.17,2548.990591,36604.664000000004,0,0,0
333,2021-06-02 11:00:00+00:00,37148.02,37369.2,36851.45,37203.08,3485.806389,36697.809,0,0,0
334,2021-06-02 12:00:00+00:00,37203.08,37450.75,37170.38,37276.59,2547.700014,36791.847,0,0,0
335,2021-06-02 13:00:00+00:00,37276.58,37800.0,37058.61,37539.04,5254.229145,36871.0,0,0,0
336,2021-06-02 14:00:00+00:00,37539.05,38100.0,37455.0,37853.57,5342.75313,36969.262,0,0,0
337,2021-06-02 15:00:00+00:00,37853.57,38225.0,37853.56,38040.7,4402.050688,37105.852,0,0,0
338,2021-06-02 16:00:00+00:00,38040.69,38200.0,37727.37,37893.57,3948.777877,37212.436,0,0,0
339,2021-06-02 17:00:00+00:00,37893.57,38095.0,37750.0,38014.98,2057.314994,37314.333,0,0,0
340,2021-06-02 18:00:00+00:00,38014.23,38066.65,37775.0,38016.41,1826.695163,37385.333,0,0,0
341,2021-06-02 19:00:00+00:00,38016.41,38045.0,37795.59,37884.57,1458.803558,37447.966,0,0,0
342,2021-06-02 20:00:00+00:00,37884.58,37929.97,37569.25,37724.61,2425.931378,37500.621,0,0,0
343,2021-06-02 21:00:00+00:00,37724.61,37918.0,37673.21,37780.32,1280.280508,37582.797,0,0,0
344,2021-06-02 22:00:00+00:00,37779.86,37874.66,37320.0,37527.89,2308.791592,37597.759,0,0,0
345,2021-06-02 23:00:00+00:00,37527.89,37745.41,37434.01,37568.68,1428.986775,37635.299,0,0,0
346,2021-06-03 00:00:00+00:00,37568.68,37903.14,37291.35,37469.31,2938.209713,37618.933999999994,0,0,0
347,2021-06-03 01:00:00+00:00,37469.32,37580.43,37250.0,37298.0,1650.418934,37558.578,0,0,0
348,2021-06-03 02:00:00+00:00,37298.01,37430.69,37170.0,37400.07,1984.270392,37502.841,0,0,0
349,2021-06-03 03:00:00+00:00,37400.07,37678.86,37340.0,37634.57,1808.815073,37461.841,0,0,0
350,2021-06-03 04:00:00+00:00,37635.24,38054.56,37600.0,37970.0,2364.16549,37444.341,0,0,0
351,2021-06-03 05:00:00+00:00,37970.0,38895.0,37970.0,38795.88,7286.25633,37461.78199999999,0,0,0
352,2021-06-03 06:00:00+00:00,38795.88,38974.19,38589.97,38949.0,3510.446139,37563.854,0,0,0
353,2021-06-03 07:00:00+00:00,38949.02,39039.19,38538.75,38634.09,3133.790578,37650.408,0,0,0
354,2021-06-03 08:00:00+00:00,38634.77,38897.0,38518.96,38817.28,2548.368045,37770.304000000004,0,0,0
355,2021-06-03 09:00:00+00:00,38817.28,39210.0,38817.06,39119.59,3908.322919,37908.609000000004,0,0,0
356,2021-06-03 10:00:00+00:00,39119.84,39476.0,39017.44,39259.23,4322.787482,38081.218,0,0,0
357,2021-06-03 11:00:00+00:00,39259.23,39308.02,38715.24,38781.75,5440.29644,38227.742000000006,0,0,0
358,2021-06-03 12:00:00+00:00,38781.75,39090.9,38555.0,38999.01,4793.181879,38366.242000000006,0,0,0
359,2021-06-03 13:00:00+00:00,38999.01,39265.25,38288.0,38440.01,7469.567001,38461.042,0,0,0
360,2021-06-03 14:00:00+00:00,38440.0,38716.94,38343.54,38615.21,2965.055863,38535.396,0,0,0
361,2021-06-03 15:00:00+00:00,38615.21,38768.2,38401.0,38535.61,2233.526973,38578.496,0,0,0
362,2021-06-03 16:00:00+00:00,38535.6,38965.42,38431.03,38874.32,2969.053609,38562.602,0,0,0
363,2021-06-03 17:00:00+00:00,38874.32,38997.0,38719.33,38791.9,2173.696148,38580.659999999996,0,0,0
364,2021-06-03 18:00:00+00:00,38791.89,38931.97,38522.72,38553.01,2107.197344,38581.036,0,0,0
365,2021-06-03 19:00:00+00:00,38553.0,38674.15,38450.0,38596.64,1814.849087,38544.33,0,0,0
366,2021-06-03 20:00:00+00:00,38596.65,38746.78,38532.31,38708.07,1480.727577,38495.816999999995,0,0,0
367,2021-06-03 21:00:00+00:00,38708.08,38987.61,38640.22,38741.35,1838.975335,38488.314999999995,0,0,0
368,2021-06-03 22:00:00+00:00,38745.77,38991.98,38718.98,38890.71,1544.963728,38504.713,0,0,0
369,2021-06-03 23:00:00+00:00,38890.71,39450.0,38790.62,39246.79,3602.163932,38554.975,0,0,0
370,2021-06-04 00:00:00+00:00,39246.78,39289.07,38575.9,38682.38,3036.887123,38578.210999999996,0,0,0
371,2021-06-04 01:00:00+00:00,38687.05,38692.8,37588.0,37900.0,7376.464574,38496.911,0,0,0
372,2021-06-04 02:00:00+00:00,37900.0,37900.0,37320.26,37775.12,4298.064355,38385.833999999995,0,0,0
373,2021-06-04 03:00:00+00:00,37775.12,38133.23,37571.45,37933.72,2436.548113,38271.046,0,0,0
374,2021-06-04 04:00:00+00:00,37933.73,37939.25,37400.0,37556.76,3231.873092,38158.774,0,0,0
375,2021-06-04 05:00:00+00:00,37556.76,37679.94,36500.0,36716.55,10841.452418,37963.774,0,0,0
376,2021-06-04 06:00:00+00:00,36718.38,37039.0,36529.83,36782.54,3797.324576,37763.526,0,0,0
377,2021-06-04 07:00:00+00:00,36782.54,36852.0,36218.21,36610.29,5518.924286,37521.325,0,0,0
378,2021-06-04 08:00:00+00:00,36606.8,36827.6,36072.82,36704.97,3855.485018,37256.708999999995,0,0,0
379,2021-06-04 09:00:00+00:00,36704.96,36861.6,36350.0,36854.99,2720.250609,37012.647,0,0,0
380,2021-06-04 10:00:00+00:00,36854.99,37028.65,36537.53,36630.3,3332.611247,36808.81,0,0,0
381,2021-06-04 11:00:00+00:00,36630.31,36848.64,36361.0,36585.66,3254.528559,36686.11,0,0,0
382,2021-06-04 12:00:00+00:00,36585.67,37139.0,35555.15,36878.96,10121.715667,36509.599,0,0,0
383,2021-06-04 13:00:00+00:00,36879.64,36988.22,36606.35,36729.31,3251.229369,36413.089,0,0,0
384,2021-06-04 14:00:00+00:00,36729.32,36893.45,36150.0,36707.94,4101.788167,36288.089,0,0,0
385,2021-06-04 15:00:00+00:00,36707.94,37064.29,36621.83,36948.85,3532.148876,36300.272000000004,0,0,0
386,2021-06-04 16:00:00+00:00,36948.86,37061.43,36751.05,36892.3,2768.577053,36322.394,0,0,0
387,2021-06-04 17:00:00+00:00,36892.3,37248.94,36800.01,37082.77,2204.775395,36380.574,0,0,0
388,2021-06-04 18:00:00+00:00,37082.78,37168.85,36953.17,37099.27,1877.446084,36468.609000000004,0,0,0
389,2021-06-04 19:00:00+00:00,37099.28,37195.0,36708.0,36800.99,2174.96635,36504.409,0,0,0
390,2021-06-04 20:00:00+00:00,36801.0,37117.52,36793.74,37032.57,1573.255188,36530.03,0,0,0
391,2021-06-04 21:00:00+00:00,37032.58,37246.99,37023.08,37199.51,1665.561683,36596.238,0,0,0
392,2021-06-04 22:00:00+00:00,37199.52,37246.12,37069.44,37088.4,1269.502151,36747.667,0,0,0
393,2021-06-04 23:00:00+00:00,37088.37,37203.53,36462.42,36829.0,3076.419292,36733.274,0,0,0
394,2021-06-05 00:00:00+00:00,36829.15,37800.0,36613.22,37684.66,3709.283404,36779.596000000005,0,0,0
395,2021-06-05 01:00:00+00:00,37682.84,37846.6,37550.0,37688.5,1739.587237,36872.413,0,0,0
396,2021-06-05 02:00:00+00:00,37688.5,37761.42,37336.11,37639.91,2187.474395,36930.919,0,0,0
397,2021-06-05 03:00:00+00:00,37639.92,37748.88,37375.34,37410.0,1390.108384,36988.452,0,0,0
398,2021-06-05 04:00:00+00:00,37410.04,37717.93,37410.04,37675.1,1747.592638,37034.139,0,0,0
399,2021-06-05 05:00:00+00:00,37675.1,37750.0,37467.67,37597.98,1283.216418,37110.106,0,0,0
400,2021-06-05 06:00:00+00:00,37597.98,37837.04,37558.0,37703.0,1573.376116,37186.532,0,0,0
401,2021-06-05 07:00:00+00:00,37700.43,37925.0,37547.34,37582.14,2333.241941,37238.958,0,0,0
402,2021-06-05 08:00:00+00:00,37582.13,37850.0,37430.0,37780.8,1882.573974,37275.014,0,0,0
403,2021-06-05 09:00:00+00:00,37780.8,37830.0,35951.74,36325.8,6018.556186,37223.946,0,0,0
404,2021-06-05 10:00:00+00:00,36325.56,36697.53,36022.69,36454.63,4716.584484,37164.893,0,0,0
405,2021-06-05 11:00:00+00:00,36454.63,36535.77,35667.0,35869.42,4403.229766,36976.593,0,0,0
406,2021-06-05 12:00:00+00:00,35869.42,36221.53,35250.0,36009.8,6647.434589,36767.982,0,0,0
407,2021-06-05 13:00:00+00:00,36009.8,36049.65,35672.73,35726.95,2793.414551,36597.721000000005,0,0,0
408,2021-06-05 14:00:00+00:00,35726.99,36000.0,35514.73,35643.33,3336.817371,36408.189999999995,0,0,0
409,2021-06-05 15:00:00+00:00,35643.33,36435.0,35560.57,36321.42,3452.823019,36217.479999999996,0,0,0
410,2021-06-05 16:00:00+00:00,36321.42,36321.43,35976.16,36075.86,1898.64111,36059.296,0,0,0
411,2021-06-05 17:00:00+00:00,36075.86,36324.2,35859.52,36021.11,1769.637579,35890.513999999996,0,0,0
412,2021-06-05 18:00:00+00:00,36021.11,36175.0,35900.0,36040.12,1719.348598,35737.514,0,0,0
413,2021-06-05 19:00:00+00:00,36040.12,36300.0,35692.04,35778.94,2193.370279,35711.544,0,0,0
414,2021-06-05 20:00:00+00:00,35777.61,36016.1,35555.55,35842.4,2410.875449,35664.83,0,0,0
415,2021-06-05 21:00:00+00:00,35838.96,35842.06,34800.0,34964.69,4946.470098,35578.13,0,0,0
416,2021-06-05 22:00:00+00:00,34964.69,35399.17,34832.51,35061.62,4202.175,35536.381,0,0,0
417,2021-06-05 23:00:00+00:00,35061.62,35614.55,35061.11,35513.2,2103.788904,35475.219,0,0,0
418,2021-06-06 00:00:00+00:00,35516.07,35774.99,35405.61,35570.55,2239.877294,35464.307,0,0,0
419,2021-06-06 01:00:00+00:00,35570.56,36257.05,35568.36,36215.19,2478.561496,35465.086,0,0,0
420,2021-06-06 02:00:00+00:00,36215.18,36257.34,36040.0,36130.27,1437.818921,35471.47,0,0,0
421,2021-06-06 03:00:00+00:00,36130.26,36220.0,35807.88,35989.67,2237.260658,35466.306000000004,0,0,0
422,2021-06-06 04:00:00+00:00,35988.56,36200.0,35949.28,36080.0,1477.199976,35471.234000000004,0,0,0
423,2021-06-06 05:00:00+00:00,36083.1,36251.99,35995.2,36236.65,1362.03154,35501.55,0,0,0
424,2021-06-06 06:00:00+00:00,36236.66,36480.0,35701.04,35853.21,2675.890817,35516.099,0,0,0
425,2021-06-06 07:00:00+00:00,35851.36,36185.0,35830.03,36132.57,1543.498432,35619.102,0,0,0
426,2021-06-06 08:00:00+00:00,36132.52,36350.0,35967.85,36308.52,1919.382942,35732.636,0,0,0
427,2021-06-06 09:00:00+00:00,36306.97,36414.55,36129.15,36166.27,1613.187078,35839.44,0,0,0
428,2021-06-06 10:00:00+00:00,36166.27,36217.17,35830.0,36015.69,2041.272248,35881.879,0,0,0
429,2021-06-06 11:00:00+00:00,36015.69,36152.0,35800.93,35868.13,1627.820547,35905.136,0,0,0
430,2021-06-06 12:00:00+00:00,35868.12,36121.64,35800.0,35869.81,1652.086631,35881.136,0,0,0
431,2021-06-06 13:00:00+00:00,35869.8,36013.26,35550.0,35639.03,2353.645149,35855.348,0,0,0
432,2021-06-06 14:00:00+00:00,35639.03,36218.0,35450.0,36111.03,3144.469682,35805.42,0,0,0
433,2021-06-06 15:00:00+00:00,36111.03,36429.28,36053.0,36157.47,2323.523263,35811.2,0,0,0
434,2021-06-06 16:00:00+00:00,36157.47,36317.81,36112.51,36224.57,1700.256116,35852.347,0,0,0
435,2021-06-06 17:00:00+00:00,36224.65,36227.11,35907.17,36031.27,1984.566067,35860.061,0,0,0
436,2021-06-06 18:00:00+00:00,36031.27,36038.27,35830.07,35890.0,1562.95012,35846.283,0,0,0
437,2021-06-06 19:00:00+00:00,35889.99,35889.99,35705.0,35747.15,1409.824964,35803.868,0,0,0
438,2021-06-06 20:00:00+00:00,35747.14,35995.28,35581.72,35971.67,2215.940472,35779.03999999999,0,0,0
439,2021-06-06 21:00:00+00:00,35971.67,35984.71,35860.0,35938.61,1420.884639,35784.947,0,0,0
440,2021-06-06 22:00:00+00:00,35938.61,35950.0,35222.0,35554.86,3314.746947,35727.147,0,0,0
441,2021-06-06 23:00:00+00:00,35557.11,35878.21,35488.0,35796.31,1913.510638,35720.947,0,0,0
442,2021-06-07 00:00:00+00:00,35796.31,36420.0,35498.62,36293.02,4014.241959,35725.808999999994,0,0,0
443,2021-06-07 01:00:00+00:00,36293.03,36900.0,36164.63,36679.08,3376.762241,35736.971999999994,0,0,0
444,2021-06-07 02:00:00+00:00,36679.08,36759.49,36555.0,36641.4,2047.378616,35781.221,0,0,0
445,2021-06-07 03:00:00+00:00,36641.4,36715.0,36285.44,36392.93,2248.535262,35819.047999999995,0,0,0
446,2021-06-07 04:00:00+00:00,36392.94,36545.01,36209.61,36250.01,1557.902089,35857.002,0,0,0
447,2021-06-07 05:00:00+00:00,36250.01,36427.0,35968.45,36289.33,1956.685153,35883.346999999994,0,0,0
448,2021-06-07 06:00:00+00:00,36289.33,36360.0,36035.55,36070.17,1991.413672,35928.73,0,0,0
449,2021-06-07 07:00:00+00:00,36071.97,36215.75,35850.66,36139.99,2349.826657,35927.796,0,0,0
450,2021-06-07 08:00:00+00:00,36139.99,36314.73,35900.52,36103.26,2104.947141,35995.648,0,0,0
451,2021-06-07 09:00:00+00:00,36103.25,36393.52,36027.75,36269.68,3414.097362,36049.62300000001,0,0,0
452,2021-06-07 10:00:00+00:00,36269.67,36591.72,36269.66,36492.35,3055.881581,36126.727,0,0,0
453,2021-06-07 11:00:00+00:00,36492.35,36580.0,36298.29,36376.47,1750.251616,36140.09300000001,0,0,0
454,2021-06-07 12:00:00+00:00,36376.47,36777.47,36241.6,36611.31,2793.979523,36108.753000000004,0,0,0
455,2021-06-07 13:00:00+00:00,36611.31,36726.0,36257.56,36315.49,2447.685035,36105.965000000004,0,0,0
456,2021-06-07 14:00:00+00:00,36315.5,36316.51,35860.5,36054.96,4113.468993,36071.054000000004,0,0,0
457,2021-06-07 15:00:00+00:00,36054.96,36143.46,35950.0,36035.51,1564.360753,36069.209,0,0,0
458,2021-06-07 16:00:00+00:00,36035.35,36079.63,35688.92,35793.35,2913.039382,36034.546,0,0,0
459,2021-06-07 17:00:00+00:00,35793.36,35916.84,35575.0,35725.12,2633.342931,36006.979999999996,0,0,0
460,2021-06-07 18:00:00+00:00,35725.12,35777.0,35400.0,35486.9,2789.006593,35956.928,0,0,0
461,2021-06-07 19:00:00+00:00,35484.57,35682.12,35328.02,35634.46,2616.997634,35886.955,0,0,0
462,2021-06-07 20:00:00+00:00,35634.45,35744.52,34000.08,34440.43,8750.144376,35659.996999999996,0,0,0
463,2021-06-07 21:00:00+00:00,34440.44,34647.58,33563.4,34113.35,7836.220911,35386.507999999994,0,0,0
464,2021-06-07 22:00:00+00:00,34113.66,34291.54,33905.55,34147.92,3330.645468,35152.903,0,0,0
465,2021-06-07 23:00:00+00:00,34147.92,34182.8,33300.0,33552.79,5918.137625,34857.147,0,0,0
466,2021-06-08 00:00:00+00:00,33556.96,34068.01,33340.0,33670.35,7752.349081,34605.096999999994,0,0,0
467,2021-06-08 01:00:00+00:00,33669.79,33961.9,33553.39,33776.06,3102.17465,34365.436,0,0,0
468,2021-06-08 02:00:00+00:00,33776.06,33886.21,32351.0,32709.92,9712.075496,34031.644,0,0,0
469,2021-06-08 03:00:00+00:00,32709.92,32887.82,32424.32,32817.09,6571.652986,33716.576,0,0,0
470,2021-06-08 04:00:00+00:00,32817.09,33155.0,32660.0,32840.38,4227.435963,33442.576,0,0,0
471,2021-06-08 05:00:00+00:00,32840.39,32986.4,32481.83,32892.95,4182.810042,33157.957,0,0,0
472,2021-06-08 06:00:00+00:00,32892.95,32945.0,32537.54,32596.49,2934.497913,33011.702999999994,0,0,0
473,2021-06-08 07:00:00+00:00,32596.49,33246.09,32123.0,32966.7,6805.536932,32867.663,0,0,0
474,2021-06-08 08:00:00+00:00,32966.7,33373.01,32859.97,32912.25,4529.950734,32763.105000000003,0,0,0
475,2021-06-08 09:00:00+00:00,32912.2,32970.18,32666.65,32813.52,3784.332542,32699.77,0,0,0
476,2021-06-08 10:00:00+00:00,32813.51,33188.77,32651.52,32805.07,4434.176311,32630.922000000002,0,0,0
477,2021-06-08 11:00:00+00:00,32805.07,33247.25,32695.33,33089.99,3718.698122,32545.116,0,0,0
478,2021-06-08 12:00:00+00:00,33084.43,33179.23,32810.7,32882.06,2399.625682,32591.086,0,0,0
479,2021-06-08 13:00:00+00:00,32882.06,32952.24,32364.93,32383.8,4139.345669,32585.147000000004,0,0,0
480,2021-06-08 14:00:00+00:00,32383.8,32530.02,31428.63,31769.41,11267.834619,32462.010000000002,0,0,0
481,2021-06-08 15:00:00+00:00,31769.42,31839.98,31000.0,31705.24,10762.994851,32313.827,0,0,0
482,2021-06-08 16:00:00+00:00,31705.25,32378.36,31563.52,32174.17,6657.563975,32216.425,0,0,0
483,2021-06-08 17:00:00+00:00,32174.17,32210.52,31851.85,32156.31,3170.233084,32189.310000000005,0,0,0
484,2021-06-08 18:00:00+00:00,32157.97,32782.69,32053.91,32735.9,4963.573958,32108.703999999998,0,0,0
485,2021-06-08 19:00:00+00:00,32735.9,32999.35,32589.24,32864.18,3884.369199,32100.963,0,0,0
486,2021-06-08 20:00:00+00:00,32864.19,33841.98,32661.95,33596.12,5955.165172,32102.006,0,0,0
487,2021-06-08 21:00:00+00:00,33596.15,33781.65,33260.56,33451.46,3935.237252,32158.529,0,0,0
488,2021-06-08 22:00:00+00:00,33456.2,33795.84,33343.88,33437.9,2250.438206,32211.846999999998,0,0,0
489,2021-06-08 23:00:00+00:00,33437.91,33646.98,33280.19,33380.81,2109.116598,32303.373,0,0,0
490,2021-06-09 00:00:00+00:00,33380.8,33540.47,32858.68,32886.11,3656.210678,32446.377999999997,0,0,0
491,2021-06-09 01:00:00+00:00,32886.11,33049.99,32441.4,32510.73,2920.949523,32590.518,0,0,0
492,2021-06-09 02:00:00+00:00,32510.73,33248.9,32396.82,32870.77,3740.133883,32673.847999999998,0,0,0
493,2021-06-09 03:00:00+00:00,32870.77,33100.0,32610.73,32863.07,3054.194549,32749.735999999997,0,0,0
494,2021-06-09 04:00:00+00:00,32862.25,32985.89,32536.49,32967.6,2887.155355,32797.994,0,0,0
495,2021-06-09 05:00:00+00:00,32969.02,33784.85,32900.01,33502.57,5609.195734,32829.071,0,0,0
496,2021-06-09 06:00:00+00:00,33502.57,34360.0,33423.2,34203.9,7580.074294,32905.196,0,0,0
497,2021-06-09 07:00:00+00:00,34203.89,34512.95,34080.0,34169.05,6543.907816,32987.14,0,0,0
498,2021-06-09 08:00:00+00:00,34168.11,34299.03,33808.0,34056.25,4863.509494,33033.552,0,0,0
499,2021-06-09 09:00:00+00:00,34056.25,34385.0,33967.68,33999.48,4508.544055,33102.301,0,0,0
500,2021-06-09 10:00:00+00:00,33999.48,34730.0,33925.6,34477.15,5187.114595,33208.993,0,0,0
501,2021-06-09 11:00:00+00:00,34476.8,35045.55,34352.37,34972.42,6329.577646,33400.09,0,0,0
502,2021-06-09 12:00:00+00:00,34972.42,35450.0,34830.0,34891.62,8640.940624,33643.407999999996,0,0,0
503,2021-06-09 13:00:00+00:00,34891.62,35199.61,34769.2,35082.33,5085.257265,33859.255,0,0,0
504,2021-06-09 14:00:00+00:00,35087.22,35369.79,34512.94,34672.51,7815.092664,34056.9,0,0,0
505,2021-06-09 15:00:00+00:00,34672.52,36736.0,34658.97,36357.11,17365.212501,34232.795999999995,0,0,0
506,2021-06-09 16:00:00+00:00,36356.42,36699.0,36070.05,36488.03,7745.256902,34497.481,0,0,0
507,2021-06-09 17:00:00+00:00,36488.02,37000.0,36263.16,36536.51,6431.360713,34715.797,0,0,0
508,2021-06-09 18:00:00+00:00,36536.51,36798.9,35816.0,35886.37,6223.894958,34916.596999999994,0,0,0
509,2021-06-09 19:00:00+00:00,35886.37,36435.35,35650.16,36260.45,4818.232787,35084.845,0,0,0
510,2021-06-09 20:00:00+00:00,36260.45,36506.86,36112.0,36368.19,2979.201869,35303.485,0,0,0
511,2021-06-09 21:00:00+00:00,36368.19,36763.0,36180.0,36635.7,2960.872866,35486.24800000001,0,0,0
512,2021-06-09 22:00:00+00:00,36641.21,37353.56,36507.0,37098.53,4960.255467,35653.948000000004,0,0,0
513,2021-06-09 23:00:00+00:00,37098.31,37534.79,36960.0,37388.05,4701.451279,35873.028000000006,0,0,0
514,2021-06-10 00:00:00+00:00,37388.05,37666.11,36853.95,36948.32,5776.297141,36107.129,0,0,0
515,2021-06-10 01:00:00+00:00,36952.95,37349.99,36875.22,36876.21,2963.903363,36328.754,0,0,0
516,2021-06-10 02:00:00+00:00,36878.53,37120.0,36751.07,37114.25,2832.603283,36396.856,0,0,0
517,2021-06-10 03:00:00+00:00,37114.25,37450.0,36931.01,36959.69,3533.405561,36463.641,0,0,0
518,2021-06-10 04:00:00+00:00,36959.7,37220.99,36646.46,36797.0,3518.811673,36546.687,0,0,0
519,2021-06-10 05:00:00+00:00,36797.0,36969.59,36500.0,36827.57,3302.400575,36631.670999999995,0,0,0
520,2021-06-10 06:00:00+00:00,36827.58,37050.0,36552.45,36761.01,2804.696603,36675.716,0,0,0
521,2021-06-10 07:00:00+00:00,36761.0,36998.51,36632.43,36962.14,2424.440608,36720.958999999995,0,0,0
522,2021-06-10 08:00:00+00:00,36962.12,36962.12,36315.0,36408.86,4869.223984,36701.759,0,0,0
523,2021-06-10 09:00:00+00:00,36408.85,37574.76,36242.57,37427.94,7892.203147,36630.015999999996,0,0,0
524,2021-06-10 10:00:00+00:00,37427.94,38491.0,37306.39,37839.3,12696.361031,36675.259999999995,0,0,0
525,2021-06-10 11:00:00+00:00,37839.31,38176.07,37680.08,37818.54,4379.997507,36755.746,0,0,0
526,2021-06-10 12:00:00+00:00,37819.27,37965.91,37369.79,37771.9,5763.185061,36817.618,0,0,0
527,2021-06-10 13:00:00+00:00,37771.9,37916.56,37472.09,37859.8,3426.356562,36871.726,0,0,0
528,2021-06-10 14:00:00+00:00,37859.81,38198.23,36766.0,37008.46,9235.078119,36883.68000000001,0,0,0
529,2021-06-10 15:00:00+00:00,37008.46,37235.52,36612.0,36896.75,4890.457936,36894.880000000005,0,0,0
530,2021-06-10 16:00:00+00:00,36896.65,37150.0,36660.0,36802.03,4132.332184,36905.634999999995,0,0,0
531,2021-06-10 17:00:00+00:00,36802.04,36902.89,36100.0,36442.2,5503.668684,36852.39200000001,0,0,0
532,2021-06-10 18:00:00+00:00,36443.5,36848.0,36418.12,36754.07,3125.340731,36862.704000000005,0,0,0
533,2021-06-10 19:00:00+00:00,36754.06,36866.24,36338.23,36675.09,3034.650032,36872.270000000004,0,0,0
534,2021-06-10 20:00:00+00:00,36675.1,36699.32,35782.0,36475.95,6105.679181,36719.831,0,0,0
535,2021-06-10 21:00:00+00:00,36475.94,36753.9,36150.0,36695.75,2685.494769,36566.823,0,0,0
536,2021-06-10 22:00:00+00:00,36695.79,37088.0,36575.56,36826.79,2684.89587,36487.4,0,0,0
537,2021-06-10 23:00:00+00:00,36826.8,36999.41,36580.8,36675.72,1945.801338,36398.271,0,0,0
538,2021-06-11 00:00:00+00:00,36677.83,37300.0,36311.4,36421.28,4451.818871,36352.811,0,0,0
539,2021-06-11 01:00:00+00:00,36417.88,36508.76,35936.77,36293.53,3205.042436,36285.288,0,0,0
540,2021-06-11 02:00:00+00:00,36293.53,36366.99,35956.68,36350.84,2393.8223,36214.956,0,0,0
541,2021-06-11 03:00:00+00:00,36350.84,36925.0,36323.94,36754.4,3543.061907,36237.350000000006,0,0,0
542,2021-06-11 04:00:00+00:00,36754.41,37164.17,36642.38,37044.01,3134.392521,36259.776,0,0,0
543,2021-06-11 05:00:00+00:00,37044.01,37435.0,36888.88,37007.12,4155.9372,36314.841,0,0,0
544,2021-06-11 06:00:00+00:00,37007.14,37047.68,36450.0,36509.33,2799.301115,36381.640999999996,0,0,0
545,2021-06-11 07:00:00+00:00,36509.33,37197.22,36390.32,37147.55,3842.098704,36405.672999999995,0,0,0
546,2021-06-11 08:00:00+00:00,37147.56,37340.0,36921.0,37029.99,3564.887878,36440.217,0,0,0
547,2021-06-11 09:00:00+00:00,37029.99,37486.5,36928.28,37053.74,3833.66048,36474.965000000004,0,0,0
548,2021-06-11 10:00:00+00:00,37053.74,37680.4,37033.37,37475.83,4531.257334,36547.162,0,0,0
549,2021-06-11 11:00:00+00:00,37472.68,37559.0,37169.11,37378.82,2545.857222,36670.39599999999,0,0,0
550,2021-06-11 12:00:00+00:00,37378.82,37494.37,36975.0,37308.28,2793.636769,36772.227999999996,0,0,0
551,2021-06-11 13:00:00+00:00,37308.29,37589.0,37308.29,37448.24,2895.517809,36870.663,0,0,0
552,2021-06-11 14:00:00+00:00,37450.11,37509.99,37125.08,37261.48,2704.462218,36918.933,0,0,0
553,2021-06-11 15:00:00+00:00,37261.49,37273.24,36747.62,36818.41,3889.254078,36904.807,0,0,0
554,2021-06-11 16:00:00+00:00,36818.42,36976.27,36511.52,36652.33,3710.944352,36910.959,0,0,0
555,2021-06-11 17:00:00+00:00,36653.66,36969.52,36576.81,36909.44,2743.659448,36929.608,0,0,0
556,2021-06-11 18:00:00+00:00,36911.59,37253.0,36745.76,37176.73,3044.439002,36912.084,0,0,0
557,2021-06-11 19:00:00+00:00,37176.73,37419.01,37070.0,37246.77,2830.30078,36926.256,0,0,0
558,2021-06-11 20:00:00+00:00,37246.76,37477.0,37137.73,37137.73,2571.401585,36936.691999999995,0,0,0
559,2021-06-11 21:00:00+00:00,37143.49,37319.04,36745.0,36898.68,2825.245877,36894.281,0,0,0
560,2021-06-11 22:00:00+00:00,36901.01,37498.58,36832.5,37350.69,3442.377197,36880.031,0,0,0
561,2021-06-11 23:00:00+00:00,37350.69,37415.75,36941.0,37331.98,3013.628217,36843.302,0,0,0
562,2021-06-12 00:00:00+00:00,37331.98,37463.63,36972.96,37064.84,3959.955136,36828.090000000004,0,0,0
563,2021-06-12 01:00:00+00:00,37058.11,37133.12,36162.0,36228.43,6178.165914,36769.528000000006,0,0,0
564,2021-06-12 02:00:00+00:00,36228.43,36376.43,35400.0,35528.73,9728.814536,36658.376000000004,0,0,0
565,2021-06-12 03:00:00+00:00,35528.73,35892.59,35277.0,35571.19,4610.929134,36528.395000000004,0,0,0
566,2021-06-12 04:00:00+00:00,35572.84,35726.68,35106.35,35238.37,4352.291569,36364.454,0,0,0
567,2021-06-12 05:00:00+00:00,35238.37,35490.0,35000.0,35166.69,3933.392922,36157.454,0,0,0
568,2021-06-12 06:00:00+00:00,35166.69,35385.01,35095.82,35324.36,2531.747968,35953.263,0,0,0
569,2021-06-12 07:00:00+00:00,35324.36,35666.56,35234.01,35289.06,4575.560144,35802.164000000004,0,0,0
570,2021-06-12 08:00:00+00:00,35289.06,35425.0,35108.0,35170.35,2541.491529,35629.714,0,0,0
571,2021-06-12 09:00:00+00:00,35170.35,35395.0,35031.27,35238.54,2981.303079,35438.741,0,0,0
572,2021-06-12 10:00:00+00:00,35238.55,35900.0,34600.36,35666.15,9178.866353,35201.481,0,0,0
573,2021-06-12 11:00:00+00:00,35666.15,35712.52,35397.0,35596.7,3308.649847,35124.981,0,0,0
574,2021-06-12 12:00:00+00:00,35597.5,36238.0,35506.94,36044.35,5674.022901,35135.675,0,0,0
575,2021-06-12 13:00:00+00:00,36044.36,36092.76,35837.97,35986.72,2506.897533,35191.772,0,0,0
576,2021-06-12 14:00:00+00:00,35986.72,36009.24,35473.42,35660.37,2679.084549,35228.47900000001,0,0,0
577,2021-06-12 15:00:00+00:00,35660.38,35843.12,35315.0,35384.96,3388.775216,35259.97900000001,0,0,0
578,2021-06-12 16:00:00+00:00,35384.96,35600.0,35300.0,35522.35,2855.570123,35280.397000000004,0,0,0
579,2021-06-12 17:00:00+00:00,35522.36,35809.52,35390.0,35718.94,2078.23869,35295.996,0,0,0
580,2021-06-12 18:00:00+00:00,35718.95,35997.67,35652.0,35892.62,1899.54949,35350.396,0,0,0
581,2021-06-12 19:00:00+00:00,35892.63,35947.43,35685.0,35730.0,1529.739571,35415.769,0,0,0
582,2021-06-12 20:00:00+00:00,35730.01,36143.93,35730.01,35994.49,2060.573294,35528.734,0,0,0
583,2021-06-12 21:00:00+00:00,35994.5,36042.16,35763.3,35817.2,1578.759173,35565.364,0,0,0
584,2021-06-12 22:00:00+00:00,35817.19,35998.97,35529.42,35693.62,2105.28636,35567.612,0,0,0
585,2021-06-12 23:00:00+00:00,35693.62,35868.38,35420.32,35546.11,1479.884959,35525.847,0,0,0
586,2021-06-13 00:00:00+00:00,35546.12,35777.77,35342.14,35712.36,2028.40821,35512.719,0,0,0
587,2021-06-13 01:00:00+00:00,35712.07,35926.96,35664.38,35785.05,1466.105731,35547.65699999999,0,0,0
588,2021-06-13 02:00:00+00:00,35785.04,35849.98,35404.26,35464.48,2066.853983,35558.083,0,0,0
589,2021-06-13 03:00:00+00:00,35464.49,35472.78,34816.02,34867.8,4149.965608,35500.685,0,0,0
590,2021-06-13 04:00:00+00:00,34867.81,35262.0,34757.0,35187.99,2458.409046,35411.185,0,0,0
591,2021-06-13 05:00:00+00:00,35188.0,35214.29,34834.25,34981.48,1883.089653,35326.11,0,0,0
592,2021-06-13 06:00:00+00:00,34981.48,35411.43,34887.01,35378.25,2620.542496,35241.81,0,0,0
593,2021-06-13 07:00:00+00:00,35378.25,35499.86,35242.75,35280.02,1949.466721,35189.755,0,0,0
594,2021-06-13 08:00:00+00:00,35282.02,35772.38,35171.55,35629.65,2773.14651,35153.968,0,0,0
595,2021-06-13 09:00:00+00:00,35629.64,35899.54,35500.0,35832.98,2340.545724,35161.936,0,0,0
596,2021-06-13 10:00:00+00:00,35835.62,36098.14,35710.0,35970.51,3029.807449,35198.721999999994,0,0,0
597,2021-06-13 11:00:00+00:00,35970.52,36099.0,35738.37,35904.03,2557.828665,35206.121,0,0,0
598,2021-06-13 12:00:00+00:00,35904.02,36150.0,35787.36,35886.14,2947.010971,35244.431000000004,0,0,0
599,2021-06-13 13:00:00+00:00,35886.15,36084.12,35771.58,35879.99,2095.35756,35339.987,0,0,0
600,2021-06-13 14:00:00+00:00,35880.0,36019.23,35670.0,35761.3,2347.419719,35431.287,0,0,0
601,2021-06-13 15:00:00+00:00,35757.25,36076.64,35725.12,36034.97,2015.910325,35520.373999999996,0,0,0
602,2021-06-13 16:00:00+00:00,36034.96,37197.86,35970.0,37029.57,9069.669932,35628.672999999995,0,0,0
603,2021-06-13 17:00:00+00:00,37029.57,37489.75,36848.22,37300.0,5284.281645,35789.22,0,0,0
604,2021-06-13 18:00:00+00:00,37300.0,37628.23,37260.0,37493.87,4330.328356,35998.065,0,0,0
605,2021-06-13 19:00:00+00:00,37493.87,37750.14,37270.0,37650.0,3380.327877,36175.065,0,0,0
606,2021-06-13 20:00:00+00:00,37650.0,39380.0,37636.18,39250.0,15118.027888,36367.683000000005,0,0,0
607,2021-06-13 21:00:00+00:00,39249.99,39300.0,38790.0,38899.51,4590.976808,36672.846000000005,0,0,0
608,2021-06-13 22:00:00+00:00,38899.52,39079.9,38700.0,38875.66,3787.53104,36964.11,0,0,0
609,2021-06-13 23:00:00+00:00,38873.24,39177.38,38725.01,39020.57,2630.013638,37259.453,0,0,0
610,2021-06-14 00:00:00+00:00,39020.56,39252.0,38770.0,39122.18,4283.751167,37569.453,0,0,0
611,2021-06-14 01:00:00+00:00,39122.19,39800.0,38938.55,39176.62,8242.993046,37890.796,0,0,0
612,2021-06-14 02:00:00+00:00,39176.61,39299.91,38850.66,38977.75,3462.87719,38178.86200000001,0,0,0
613,2021-06-14 03:00:00+00:00,38979.45,39081.63,38730.0,38975.14,3025.919183,38367.04,0,0,0
614,2021-06-14 04:00:00+00:00,38975.14,39360.0,38782.34,39258.44,2743.098314,38519.274,0,0,0
615,2021-06-14 05:00:00+00:00,39258.43,39603.13,39120.0,39403.78,3494.417099,38704.274,0,0,0
616,2021-06-14 06:00:00+00:00,39403.79,39700.0,39162.98,39609.26,3769.140551,38856.954000000005,0,0,0
617,2021-06-14 07:00:00+00:00,39609.25,39677.0,39440.0,39555.24,2633.202222,38921.954000000005,0,0,0
618,2021-06-14 08:00:00+00:00,39555.25,39629.01,38820.0,39008.27,4391.336512,38933.954000000005,0,0,0
619,2021-06-14 09:00:00+00:00,39008.25,39500.0,38967.72,39097.0,4401.605963,38958.225,0,0,0
620,2021-06-14 10:00:00+00:00,39097.0,39400.0,39034.0,39325.02,2575.085827,38984.625,0,0,0
621,2021-06-14 11:00:00+00:00,39325.02,39449.25,39126.8,39166.33,2113.867934,39003.45,0,0,0
622,2021-06-14 12:00:00+00:00,39166.33,39635.88,39040.0,39590.87,4534.473256,39022.384,0,0,0
623,2021-06-14 13:00:00+00:00,39590.87,40826.32,39525.74,40538.24,14027.733301,39101.958,0,0,0
624,2021-06-14 14:00:00+00:00,40537.59,41064.05,40400.0,40543.46,9144.159184,39263.724,0,0,0
625,2021-06-14 15:00:00+00:00,40543.46,40740.03,40430.32,40685.37,4563.009518,39394.756,0,0,0
626,2021-06-14 16:00:00+00:00,40685.37,40740.03,39813.0,40159.97,8344.285601,39459.757999999994,0,0,0
627,2021-06-14 17:00:00+00:00,40159.97,40319.75,39950.45,40217.39,3483.882868,39510.803,0,0,0
628,2021-06-14 18:00:00+00:00,40217.39,40277.55,39657.0,39732.81,3507.586321,39594.503000000004,0,0,0
629,2021-06-14 19:00:00+00:00,39732.82,39850.0,39323.1,39716.06,4610.072215,39630.041,0,0,0
630,2021-06-14 20:00:00+00:00,39716.06,39958.87,39602.0,39820.97,2537.330216,39686.841,0,0,0
631,2021-06-14 21:00:00+00:00,39820.97,40340.62,39820.97,40270.0,3470.773715,39756.258,0,0,0
632,2021-06-14 22:00:00+00:00,40270.0,40400.0,40031.36,40166.21,2324.436796,39855.394,0,0,0
633,2021-06-14 23:00:00+00:00,40166.21,40605.87,40085.69,40516.29,2837.35395,39911.389,0,0,0
634,2021-06-15 00:00:00+00:00,40516.28,40900.0,40169.51,40355.88,4690.099098,39888.340000000004,0,0,0
635,2021-06-15 01:00:00+00:00,40355.89,40459.62,39856.6,39922.03,2292.4422,39830.968,0,0,0
636,2021-06-15 02:00:00+00:00,39922.03,40391.64,39887.7,40256.41,2772.674299,39838.438,0,0,0
637,2021-06-15 03:00:00+00:00,40256.41,40600.0,40252.12,40404.86,2349.578858,39868.604999999996,0,0,0
638,2021-06-15 04:00:00+00:00,40403.13,40580.0,40285.71,40504.71,2149.46465,39931.476,0,0,0
639,2021-06-15 05:00:00+00:00,40504.71,40535.96,40204.2,40331.07,2181.597397,40019.586,0,0,0
640,2021-06-15 06:00:00+00:00,40331.07,40512.49,40211.69,40282.94,2407.842521,40080.55500000001,0,0,0
641,2021-06-15 07:00:00+00:00,40282.94,40373.73,40100.0,40365.74,2182.770641,40108.458,0,0,0
642,2021-06-15 08:00:00+00:00,40367.41,40400.0,39654.0,39798.22,4429.045293,40070.722,0,0,0
643,2021-06-15 09:00:00+00:00,39798.22,40232.0,39531.0,40099.58,4084.271794,40015.253000000004,0,0,0
644,2021-06-15 10:00:00+00:00,40099.58,40200.0,39882.03,39916.68,2238.938649,39986.505,0,0,0
645,2021-06-15 11:00:00+00:00,39916.67,40100.0,39672.86,39839.9,3110.926409,39968.131,0,0,0
646,2021-06-15 12:00:00+00:00,39839.9,40450.0,39751.31,40417.84,3657.512151,39954.492,0,0,0
647,2021-06-15 13:00:00+00:00,40419.86,40423.08,40145.97,40280.32,2759.684484,39943.877,0,0,0
648,2021-06-15 14:00:00+00:00,40280.32,40333.08,39856.84,40001.88,3425.480129,39900.99,0,0,0
649,2021-06-15 15:00:00+00:00,40000.32,40089.75,39720.0,40065.01,2827.40413,39852.56999999999,0,0,0
650,2021-06-15 16:00:00+00:00,40065.01,40278.0,39986.4,40182.26,2449.928641,39830.041,0,0,0
651,2021-06-15 17:00:00+00:00,40182.26,40786.0,40127.66,40702.95,4706.620522,39832.80699999999,0,0,0
652,2021-06-15 18:00:00+00:00,40703.04,41330.0,40502.0,40598.57,8830.738266,39917.606999999996,0,0,0
653,2021-06-15 19:00:00+00:00,40598.57,40724.35,39768.0,39958.01,6525.458496,39941.30699999999,0,0,0
654,2021-06-15 20:00:00+00:00,39957.76,40219.61,39506.4,39950.2,5041.559971,39903.744,0,0,0
655,2021-06-15 21:00:00+00:00,39950.21,40103.57,39841.58,39963.48,1677.090392,39920.616,0,0,0
656,2021-06-15 22:00:00+00:00,39966.0,40200.95,39958.41,40126.46,1938.057396,39941.326,0,0,0
657,2021-06-15 23:00:00+00:00,40126.45,40365.27,40080.48,40144.04,1950.436451,39934.777,0,0,0
658,2021-06-16 00:00:00+00:00,40143.8,40154.34,39810.0,39880.03,2171.628738,39930.09300000001,0,0,0
659,2021-06-16 01:00:00+00:00,39880.04,40099.46,39610.0,40089.63,2152.358915,39919.09300000001,0,0,0
660,2021-06-16 02:00:00+00:00,40089.63,40181.95,39890.0,40045.22,1358.461901,39909.453,0,0,0
661,2021-06-16 03:00:00+00:00,40045.22,40099.0,39824.28,40013.63,1514.025079,39879.115,0,0,0
662,2021-06-16 04:00:00+00:00,40013.64,40441.25,39840.0,40272.77,4245.205011,39812.915,0,0,0
663,2021-06-16 05:00:00+00:00,40272.77,40368.68,40150.06,40251.31,2959.242417,39851.121,0,0,0
664,2021-06-16 06:00:00+00:00,40251.3,40527.14,40178.8,40392.23,3982.023584,39918.361,0,0,0
665,2021-06-16 07:00:00+00:00,40392.22,40462.78,40041.0,40126.87,3478.073172,39938.303,0,0,0
666,2021-06-16 08:00:00+00:00,40126.87,40260.14,39900.0,40040.85,2656.841431,39932.462,0,0,0
667,2021-06-16 09:00:00+00:00,40042.92,40178.85,39880.0,39952.7,2432.485443,39912.414000000004,0,0,0
668,2021-06-16 10:00:00+00:00,39952.71,40063.88,39666.0,39756.43,3002.966953,39898.014,0,0,0
669,2021-06-16 11:00:00+00:00,39756.43,39776.68,38877.46,39080.01,8069.54265,39824.759999999995,0,0,0
670,2021-06-16 12:00:00+00:00,39080.01,39195.0,38870.0,39063.55,4778.102751,39722.759999999995,0,0,0
671,2021-06-16 13:00:00+00:00,39063.56,39504.99,38957.56,39229.39,4262.115042,39636.088,0,0,0
672,2021-06-16 14:00:00+00:00,39229.4,39368.74,38711.0,38843.75,3413.903857,39523.188,0,0,0
673,2021-06-16 15:00:00+00:00,38843.74,38999.36,38565.0,38775.66,4009.456389,39364.682,0,0,0
674,2021-06-16 16:00:00+00:00,38775.66,39311.74,38415.0,38668.03,5843.136851,39188.302,0,0,0
675,2021-06-16 17:00:00+00:00,38668.04,39240.0,38526.88,39170.46,3234.276787,39036.89,0,0,0
676,2021-06-16 18:00:00+00:00,39170.64,39735.52,38301.68,38709.35,10585.702664,38877.058000000005,0,0,0
677,2021-06-16 19:00:00+00:00,38709.35,39091.17,38650.0,38680.11,3451.608813,38754.058,0,0,0
678,2021-06-16 20:00:00+00:00,38680.1,38885.46,38450.48,38534.96,2480.406766,38632.505999999994,0,0,0
679,2021-06-16 21:00:00+00:00,38534.96,38888.88,38423.01,38766.72,1940.170365,38587.061,0,0,0
680,2021-06-16 22:00:00+00:00,38766.09,38925.0,38518.95,38558.24,2576.292655,38551.956,0,0,0
681,2021-06-16 23:00:00+00:00,38558.24,38586.28,38116.01,38349.01,3173.948703,38467.801,0,0,0
682,2021-06-17 00:00:00+00:00,38349.0,38659.31,38213.23,38624.13,2618.787348,38418.024,0,0,0
683,2021-06-17 01:00:00+00:00,38624.13,38795.0,38541.1,38653.66,1863.230007,38415.634000000005,0,0,0
684,2021-06-17 02:00:00+00:00,38654.06,38863.15,38620.42,38705.35,2220.671541,38436.176,0,0,0
685,2021-06-17 03:00:00+00:00,38707.19,38978.75,38704.78,38865.05,2282.467383,38453.966,0,0,0
686,2021-06-17 04:00:00+00:00,38865.05,39095.36,38755.13,38802.73,2622.164454,38499.311,0,0,0
687,2021-06-17 05:00:00+00:00,38801.06,38879.99,38644.4,38709.99,2284.626254,38498.751000000004,0,0,0
688,2021-06-17 06:00:00+00:00,38709.98,39294.73,38709.98,39245.38,3239.784468,38524.701,0,0,0
689,2021-06-17 07:00:00+00:00,39245.39,39400.0,39119.99,39207.36,3248.155824,38594.399,0,0,0
690,2021-06-17 08:00:00+00:00,39208.67,39417.5,39057.27,39276.72,3279.543696,38648.231,0,0,0
691,2021-06-17 09:00:00+00:00,39276.72,39559.88,39144.0,39493.92,2824.472408,38751.03,0,0,0
692,2021-06-17 10:00:00+00:00,39493.92,39541.96,39205.51,39257.26,2305.274968,38850.258,0,0,0
693,2021-06-17 11:00:00+00:00,39257.26,39325.0,39105.51,39146.36,2437.906354,38906.699,0,0,0
694,2021-06-17 12:00:00+00:00,39148.26,39195.9,38607.28,38782.92,5898.231023,38905.384999999995,0,0,0
695,2021-06-17 13:00:00+00:00,38782.93,38868.0,38630.0,38711.43,2768.926347,38897.90699999999,0,0,0
696,2021-06-17 14:00:00+00:00,38710.29,38960.0,38411.39,38899.98,4435.581419,38863.533,0,0,0
697,2021-06-17 15:00:00+00:00,38899.98,39150.0,38773.0,39007.91,2858.357801,38876.393,0,0,0
698,2021-06-17 16:00:00+00:00,39008.01,39111.56,38262.3,38508.51,5154.308737,38831.625,0,0,0
699,2021-06-17 17:00:00+00:00,38508.5,38552.87,37600.0,37695.13,8561.366064,38679.626000000004,0,0,0
700,2021-06-17 18:00:00+00:00,37695.12,37910.0,37505.0,37749.76,4763.763311,38524.399,0,0,0
701,2021-06-17 19:00:00+00:00,37749.75,37928.42,37642.25,37702.53,3121.293961,38374.224,0,0,0
702,2021-06-17 20:00:00+00:00,37702.53,37872.92,37365.0,37755.66,3996.384188,38190.172999999995,0,0,0
703,2021-06-17 21:00:00+00:00,37755.28,37839.13,37519.99,37740.4,1873.107258,38031.621,0,0,0
704,2021-06-17 22:00:00+00:00,37740.4,37968.48,37615.74,37954.49,2019.20789,37932.467000000004,0,0,0
705,2021-06-17 23:00:00+00:00,37954.5,38258.0,37831.5,38092.97,2863.694415,37852.617000000006,0,0,0
706,2021-06-18 00:00:00+00:00,38092.97,38202.84,37562.72,37675.5,2355.453973,37767.75,0,0,0
707,2021-06-18 01:00:00+00:00,37675.51,37799.99,37492.9,37649.38,2136.233723,37639.740000000005,0,0,0
708,2021-06-18 02:00:00+00:00,37649.39,37910.51,37213.0,37779.69,4169.906037,37534.810000000005,0,0,0
709,2021-06-18 03:00:00+00:00,37779.71,38035.72,37737.02,37926.79,2524.507392,37548.512,0,0,0
710,2021-06-18 04:00:00+00:00,37926.78,38148.11,37792.37,37920.85,2242.027423,37577.248999999996,0,0,0
711,2021-06-18 05:00:00+00:00,37920.85,38107.37,37513.55,37605.64,3509.387662,37564.379,0,0,0
712,2021-06-18 06:00:00+00:00,37606.58,37744.85,37377.0,37453.9,2797.878039,37565.579000000005,0,0,0
713,2021-06-18 07:00:00+00:00,37453.89,37819.9,37450.02,37715.03,2262.783363,37558.582,0,0,0
714,2021-06-18 08:00:00+00:00,37715.04,37966.98,37565.07,37877.98,2307.912228,37553.515,0,0,0
715,2021-06-18 09:00:00+00:00,37877.99,37918.96,37451.12,37511.99,2847.845337,37515.477,0,0,0
716,2021-06-18 10:00:00+00:00,37512.0,37864.56,37063.8,37836.94,6629.719023,37465.58500000001,0,0,0
717,2021-06-18 11:00:00+00:00,37836.94,38029.99,37660.38,37821.95,3338.641446,37482.333,0,0,0
